start|end|text|words|speaker
0.902|1.222| Hello.|[{'word': 'Hello.', 'start': 0.902, 'end': 1.222, 'score': 0.594, 'speaker': 'SPEAKER_00'}]|SPEAKER_00
2.223|2.523|Hello.|[{'word': 'Hello.', 'start': 2.223, 'end': 2.523, 'score': 0.847, 'speaker': 'SPEAKER_00'}]|SPEAKER_00
3.463|3.683|Yes.|[{'word': 'Yes.', 'start': 3.463, 'end': 3.683, 'score': 0.524, 'speaker': 'SPEAKER_01'}]|SPEAKER_01
4.424|4.624|Yeah.|[{'word': 'Yeah.', 'start': 4.424, 'end': 4.624, 'score': 0.549, 'speaker': 'SPEAKER_00'}]|SPEAKER_00
4.664|5.024|Hi, sir.|[{'word': 'Hi,', 'start': 4.664, 'end': 4.804, 'score': 0.706, 'speaker': 'SPEAKER_00'}, {'word': 'sir.', 'start': 4.824, 'end': 5.024, 'score': 0.586, 'speaker': 'SPEAKER_00'}]|SPEAKER_00
5.044|7.305|This is Darshini calling from GoFinance, sir.|[{'word': 'This', 'start': 5.044, 'end': 5.204, 'score': 0.374, 'speaker': 'SPEAKER_00'}, {'word': 'is', 'start': 5.264, 'end': 5.324, 'score': 0.28, 'speaker': 'SPEAKER_00'}, {'word': 'Darshini', 'start': 5.364, 'end': 5.704, 'score': 0.497, 'speaker': 'SPEAKER_00'}, {'word': 'calling', 'start': 5.724, 'end': 5.984, 'score': 0.901, 'speaker': 'SPEAKER_00'}, {'word': 'from', 'start': 6.044, 'end': 6.244, 'score': 0.924, 'speaker': 'SPEAKER_00'}, {'word': 'GoFinance,', 'start': 6.305, 'end': 7.105, 'score': 0.75, 'speaker': 'SPEAKER_00'}, {'word': 'sir.', 'start': 7.145, 'end': 7.305, 'score': 0.45, 'speaker': 'SPEAKER_00'}]|SPEAKER_00
7.365|9.946|We are the channel partner of Commercial Bank of Dubai, sir.|[{'word': 'We', 'start': 7.365, 'end': 7.465, 'score': 0.927, 'speaker': 'SPEAKER_00'}, {'word': 'are', 'start': 7.485, 'end': 7.565, 'score': 0.657, 'speaker': 'SPEAKER_00'}, {'word': 'the', 'start': 7.585, 'end': 7.665, 'score': 0.938, 'speaker': 'SPEAKER_00'}, {'word': 'channel', 'start': 7.705, 'end': 7.985, 'score': 0.928, 'speaker': 'SPEAKER_00'}, {'word': 'partner', 'start': 8.025, 'end': 8.345, 'score': 0.841, 'speaker': 'SPEAKER_00'}, {'word': 'of', 'start': 8.385, 'end': 8.486, 'score': 0.836, 'speaker': 'SPEAKER_00'}, {'word': 'Commercial', 'start': 8.546, 'end': 8.926, 'score': 0.89, 'speaker': 'SPEAKER_00'}, {'word': 'Bank', 'start': 8.966, 'end': 9.146, 'score': 0.957, 'speaker': 'SPEAKER_00'}, {'word': 'of', 'start': 9.186, 'end': 9.346, 'score': 0.676, 'speaker': 'SPEAKER_00'}, {'word': 'Dubai,', 'start': 9.406, 'end': 9.686, 'score': 0.736, 'speaker': 'SPEAKER_00'}, {'word': 'sir.', 'start': 9.706, 'end': 9.946, 'score': 0.7, 'speaker': 'SPEAKER_00'}]|SPEAKER_00
10.807|15.249|Sir, you already did for a CBD credit card process, right, sir?|[{'word': 'Sir,', 'start': 10.807, 'end': 10.987, 'score': 0.74, 'speaker': 'SPEAKER_00'}, {'word': 'you', 'start': 11.007, 'end': 11.167, 'score': 0.889, 'speaker': 'SPEAKER_00'}, {'word': 'already', 'start': 11.307, 'end': 11.827, 'score': 0.753, 'speaker': 'SPEAKER_00'}, {'word': 'did', 'start': 11.927, 'end': 12.187, 'score': 0.868, 'speaker': 'SPEAKER_00'}, {'word': 'for', 'start': 12.447, 'end': 12.587, 'score': 0.755, 'speaker': 'SPEAKER_00'}, {'word': 'a', 'start': 12.627, 'end': 12.667, 'score': 0.577, 'speaker': 'SPEAKER_00'}, {'word': 'CBD', 'start': 12.687, 'end': 13.708, 'score': 0.777, 'speaker': 'SPEAKER_00'}, {'word': 'credit', 'start': 13.808, 'end': 14.108, 'score': 0.779, 'speaker': 'SPEAKER_00'}, {'word': 'card', 'start': 14.148, 'end': 14.328, 'score': 0.638, 'speaker': 'SPEAKER_00'}, {'word': 'process,', 'start': 14.368, 'end': 14.768, 'score': 0.647, 'speaker': 'SPEAKER_00'}, {'word': 'right,', 'start': 14.828, 'end': 15.009, 'score': 0.533, 'speaker': 'SPEAKER_00'}, {'word': 'sir?', 'start': 15.029, 'end': 15.249, 'score': 0.551, 'speaker': 'SPEAKER_00'}]|SPEAKER_00
16.389|16.609|Yes.|[{'word': 'Yes.', 'start': 16.389, 'end': 16.609, 'score': 0.502, 'speaker': 'SPEAKER_01'}]|SPEAKER_01
17.91|18.13|Yeah.|[{'word': 'Yeah.', 'start': 17.91, 'end': 18.13, 'score': 0.568, 'speaker': 'SPEAKER_00'}]|SPEAKER_00
18.19|18.53|Yes, sir.|[{'word': 'Yes,', 'start': 18.19, 'end': 18.35, 'score': 0.662, 'speaker': 'SPEAKER_00'}, {'word': 'sir.', 'start': 18.37, 'end': 18.53, 'score': 0.618, 'speaker': 'SPEAKER_00'}]|SPEAKER_00
18.61|20.751|Now some of the policies are changed, sir.|[{'word': 'Now', 'start': 18.61, 'end': 18.79, 'score': 0.921, 'speaker': 'SPEAKER_00'}, {'word': 'some', 'start': 18.83, 'end': 19.01, 'score': 0.953, 'speaker': 'SPEAKER_00'}, {'word': 'of', 'start': 19.05, 'end': 19.13, 'score': 0.99, 'speaker': 'SPEAKER_00'}, {'word': 'the', 'start': 19.17, 'end': 19.27, 'score': 0.881, 'speaker': 'SPEAKER_00'}, {'word': 'policies', 'start': 19.31, 'end': 19.791, 'score': 0.807, 'speaker': 'SPEAKER_00'}, {'word': 'are', 'start': 19.891, 'end': 19.991, 'score': 0.77, 'speaker': 'SPEAKER_00'}, {'word': 'changed,', 'start': 20.031, 'end': 20.351, 'score': 0.908, 'speaker': 'SPEAKER_00'}, {'word': 'sir.', 'start': 20.511, 'end': 20.751, 'score': 0.634, 'speaker': 'SPEAKER_00'}]|SPEAKER_00
20.851|23.572|If you apply now, you will be get 100% sure, sir.|[{'word': 'If', 'start': 20.851, 'end': 20.931, 'score': 0.97, 'speaker': 'SPEAKER_00'}, {'word': 'you', 'start': 20.971, 'end': 21.131, 'score': 0.972, 'speaker': 'SPEAKER_00'}, {'word': 'apply', 'start': 21.211, 'end': 21.532, 'score': 0.575, 'speaker': 'SPEAKER_00'}, {'word': 'now,', 'start': 21.592, 'end': 21.732, 'score': 0.731, 'speaker': 'SPEAKER_00'}, {'word': 'you', 'start': 21.752, 'end': 21.892, 'score': 0.851, 'speaker': 'SPEAKER_00'}, {'word': 'will', 'start': 21.912, 'end': 22.072, 'score': 0.91, 'speaker': 'SPEAKER_00'}, {'word': 'be', 'start': 22.092, 'end': 22.212, 'score': 0.958, 'speaker': 'SPEAKER_00'}, {'word': 'get', 'start': 22.232, 'end': 22.432, 'score': 0.509, 'speaker': 'SPEAKER_00'}, {'word': '100%'}, {'word': 'sure,', 'start': 22.472, 'end': 22.712, 'score': 0.452, 'speaker': 'SPEAKER_00'}, {'word': 'sir.', 'start': 22.892, 'end': 23.572, 'score': 0.745, 'speaker': 'SPEAKER_00'}]|SPEAKER_00
23.612|24.633|Can we process now, sir?|[{'word': 'Can', 'start': 23.612, 'end': 23.773, 'score': 0.882, 'speaker': 'SPEAKER_00'}, {'word': 'we', 'start': 23.793, 'end': 23.893, 'score': 0.881, 'speaker': 'SPEAKER_00'}, {'word': 'process', 'start': 23.933, 'end': 24.313, 'score': 0.65, 'speaker': 'SPEAKER_00'}, {'word': 'now,', 'start': 24.353, 'end': 24.493, 'score': 0.838, 'speaker': 'SPEAKER_00'}, {'word': 'sir?', 'start': 24.513, 'end': 24.633, 'score': 0.475, 'speaker': 'SPEAKER_00'}]|SPEAKER_00
25.802|27.764| But I applied two, three days ago.|[{'word': 'But', 'start': 25.802, 'end': 26.122, 'score': 0.777, 'speaker': 'SPEAKER_01'}, {'word': 'I', 'start': 26.142, 'end': 26.162, 'score': 0.01, 'speaker': 'SPEAKER_01'}, {'word': 'applied', 'start': 26.262, 'end': 26.803, 'score': 0.78, 'speaker': 'SPEAKER_01'}, {'word': 'two,', 'start': 26.843, 'end': 26.983, 'score': 0.689, 'speaker': 'SPEAKER_01'}, {'word': 'three', 'start': 27.023, 'end': 27.203, 'score': 0.769, 'speaker': 'SPEAKER_01'}, {'word': 'days', 'start': 27.243, 'end': 27.444, 'score': 0.713, 'speaker': 'SPEAKER_01'}, {'word': 'ago.', 'start': 27.524, 'end': 27.764, 'score': 0.933, 'speaker': 'SPEAKER_01'}]|SPEAKER_01
27.824|30.887|Again, it says that I don't meet the criteria.|"[{'word': 'Again,', 'start': 27.824, 'end': 28.144, 'score': 0.481, 'speaker': 'SPEAKER_01'}, {'word': 'it', 'start': 28.244, 'end': 28.364, 'score': 0.565, 'speaker': 'SPEAKER_01'}, {'word': 'says', 'start': 28.424, 'end': 28.725, 'score': 0.829, 'speaker': 'SPEAKER_01'}, {'word': 'that', 'start': 28.785, 'end': 28.985, 'score': 0.864, 'speaker': 'SPEAKER_01'}, {'word': 'I', 'start': 29.565, 'end': 29.585, 'score': 0.002, 'speaker': 'SPEAKER_01'}, {'word': ""don't"", 'start': 29.786, 'end': 29.966, 'score': 0.802, 'speaker': 'SPEAKER_01'}, {'word': 'meet', 'start': 30.006, 'end': 30.166, 'score': 0.77, 'speaker': 'SPEAKER_01'}, {'word': 'the', 'start': 30.206, 'end': 30.306, 'score': 0.927, 'speaker': 'SPEAKER_01'}, {'word': 'criteria.', 'start': 30.366, 'end': 30.887, 'score': 0.606, 'speaker': 'SPEAKER_01'}]"|SPEAKER_01
32.828|33.389|OK.|[{'word': 'OK.', 'start': 32.828, 'end': 33.389, 'score': 0.832, 'speaker': 'SPEAKER_00'}]|SPEAKER_00
33.869|37.252|Your last three months salary is crediting to you properly, sir?|[{'word': 'Your', 'start': 33.869, 'end': 34.029, 'score': 0.666, 'speaker': 'SPEAKER_00'}, {'word': 'last', 'start': 34.089, 'end': 35.03, 'score': 0.754, 'speaker': 'SPEAKER_00'}, {'word': 'three', 'start': 35.07, 'end': 35.25, 'score': 0.793, 'speaker': 'SPEAKER_00'}, {'word': 'months', 'start': 35.29, 'end': 35.451, 'score': 0.592, 'speaker': 'SPEAKER_00'}, {'word': 'salary', 'start': 35.471, 'end': 35.771, 'score': 0.716, 'speaker': 'SPEAKER_00'}, {'word': 'is', 'start': 35.791, 'end': 35.831, 'score': 0.479, 'speaker': 'SPEAKER_00'}, {'word': 'crediting', 'start': 35.911, 'end': 36.271, 'score': 0.739, 'speaker': 'SPEAKER_00'}, {'word': 'to', 'start': 36.311, 'end': 36.371, 'score': 0.995, 'speaker': 'SPEAKER_00'}, {'word': 'you', 'start': 36.411, 'end': 36.512, 'score': 0.828, 'speaker': 'SPEAKER_00'}, {'word': 'properly,', 'start': 36.552, 'end': 36.972, 'score': 0.899, 'speaker': 'SPEAKER_00'}, {'word': 'sir?', 'start': 36.992, 'end': 37.252, 'score': 0.549, 'speaker': 'SPEAKER_00'}]|SPEAKER_00
39.975|40.996|In ADCB, yes.|[{'word': 'In', 'start': 39.975, 'end': 40.035, 'score': 0.317, 'speaker': 'SPEAKER_01'}, {'word': 'ADCB,', 'start': 40.175, 'end': 40.575, 'score': 0.674, 'speaker': 'SPEAKER_01'}, {'word': 'yes.', 'start': 40.615, 'end': 40.996, 'score': 0.747, 'speaker': 'SPEAKER_01'}]|SPEAKER_01
42.297|43.137|Yeah, yes.|[{'word': 'Yeah,', 'start': 42.297, 'end': 42.737, 'score': 0.615, 'speaker': 'SPEAKER_00'}, {'word': 'yes.', 'start': 42.797, 'end': 43.137, 'score': 0.784, 'speaker': 'SPEAKER_00'}]|SPEAKER_00
43.298|43.898|OK.|[{'word': 'OK.', 'start': 43.298, 'end': 43.898, 'score': 0.854, 'speaker': 'SPEAKER_00'}]|SPEAKER_00
45.099|47.121|How many credit cards are you already having, sir?|[{'word': 'How', 'start': 45.099, 'end': 45.239, 'score': 0.916, 'speaker': 'SPEAKER_00'}, {'word': 'many', 'start': 45.279, 'end': 45.459, 'score': 0.914, 'speaker': 'SPEAKER_00'}, {'word': 'credit', 'start': 45.5, 'end': 45.78, 'score': 0.827, 'speaker': 'SPEAKER_00'}, {'word': 'cards', 'start': 45.8, 'end': 45.9, 'score': 0.192, 'speaker': 'SPEAKER_00'}, {'word': 'are', 'start': 45.92, 'end': 46.0, 'score': 0.12, 'speaker': 'SPEAKER_00'}, {'word': 'you', 'start': 46.02, 'end': 46.16, 'score': 0.913, 'speaker': 'SPEAKER_00'}, {'word': 'already', 'start': 46.2, 'end': 46.5, 'score': 0.916, 'speaker': 'SPEAKER_00'}, {'word': 'having,', 'start': 46.56, 'end': 46.801, 'score': 0.854, 'speaker': 'SPEAKER_00'}, {'word': 'sir?', 'start': 46.861, 'end': 47.121, 'score': 0.679, 'speaker': 'SPEAKER_00'}]|SPEAKER_00
47.161|48.082|Credit card and loan?|[{'word': 'Credit', 'start': 47.161, 'end': 47.421, 'score': 0.969, 'speaker': 'SPEAKER_00'}, {'word': 'card', 'start': 47.461, 'end': 47.641, 'score': 0.578, 'speaker': 'SPEAKER_00'}, {'word': 'and', 'start': 47.681, 'end': 47.782, 'score': 0.807, 'speaker': 'SPEAKER_00'}, {'word': 'loan?', 'start': 47.842, 'end': 48.082, 'score': 0.819, 'speaker': 'SPEAKER_00'}]|SPEAKER_00
50.996|53.039| Can we speak later because I'm in a meeting now.|"[{'word': 'Can', 'start': 50.996, 'end': 51.236, 'score': 0.773, 'speaker': 'SPEAKER_01'}, {'word': 'we', 'start': 51.276, 'end': 51.316, 'score': 0.41, 'speaker': 'SPEAKER_01'}, {'word': 'speak', 'start': 51.336, 'end': 51.617, 'score': 0.337, 'speaker': 'SPEAKER_01'}, {'word': 'later', 'start': 51.637, 'end': 51.897, 'score': 0.591, 'speaker': 'SPEAKER_01'}, {'word': 'because', 'start': 51.937, 'end': 52.178, 'score': 0.883, 'speaker': 'SPEAKER_01'}, {'word': ""I'm"", 'start': 52.218, 'end': 52.318, 'score': 0.477, 'speaker': 'SPEAKER_01'}, {'word': 'in', 'start': 52.378, 'end': 52.458, 'score': 0.333, 'speaker': 'SPEAKER_01'}, {'word': 'a', 'start': 52.498, 'end': 52.518, 'score': 0.975, 'speaker': 'SPEAKER_01'}, {'word': 'meeting', 'start': 52.538, 'end': 52.819, 'score': 0.676, 'speaker': 'SPEAKER_01'}, {'word': 'now.', 'start': 52.879, 'end': 53.039, 'score': 0.977, 'speaker': 'SPEAKER_01'}]"|SPEAKER_01
53.119|54.081|I cannot speak now.|[{'word': 'I', 'start': 53.119, 'end': 53.199, 'score': 0.799, 'speaker': 'SPEAKER_01'}, {'word': 'cannot', 'start': 53.219, 'end': 53.56, 'score': 0.611, 'speaker': 'SPEAKER_01'}, {'word': 'speak', 'start': 53.58, 'end': 53.74, 'score': 0.164, 'speaker': 'SPEAKER_01'}, {'word': 'now.', 'start': 53.78, 'end': 54.081, 'score': 0.75, 'speaker': 'SPEAKER_00'}]|SPEAKER_01
54.121|54.502|Yeah, okay, sir.|[{'word': 'Yeah,', 'start': 54.121, 'end': 54.201, 'score': 0.158, 'speaker': 'SPEAKER_00'}, {'word': 'okay,', 'start': 54.221, 'end': 54.301, 'score': 0.001, 'speaker': 'SPEAKER_00'}, {'word': 'sir.', 'start': 54.321, 'end': 54.502, 'score': 0.559, 'speaker': 'SPEAKER_00'}]|SPEAKER_00
54.622|55.804|I will just WhatsApp you, sir.|[{'word': 'I', 'start': 54.622, 'end': 54.702, 'score': 0.895, 'speaker': 'SPEAKER_00'}, {'word': 'will', 'start': 54.722, 'end': 54.862, 'score': 0.444, 'speaker': 'SPEAKER_00'}, {'word': 'just', 'start': 54.902, 'end': 55.063, 'score': 0.36, 'speaker': 'SPEAKER_00'}, {'word': 'WhatsApp', 'start': 55.123, 'end': 55.483, 'score': 0.622, 'speaker': 'SPEAKER_00'}, {'word': 'you,', 'start': 55.523, 'end': 55.644, 'score': 0.905, 'speaker': 'SPEAKER_00'}, {'word': 'sir.', 'start': 55.664, 'end': 55.804, 'score': 0.444, 'speaker': 'SPEAKER_00'}]|SPEAKER_00
55.844|56.345|No problem.|[{'word': 'No', 'start': 55.844, 'end': 55.964, 'score': 0.758, 'speaker': 'SPEAKER_00'}, {'word': 'problem.', 'start': 56.004, 'end': 56.345, 'score': 0.942, 'speaker': 'SPEAKER_00'}]|SPEAKER_00
56.365|57.667|I'll just WhatsApp you.|"[{'word': ""I'll"", 'start': 56.365, 'end': 56.485, 'score': 0.383, 'speaker': 'SPEAKER_00'}, {'word': 'just', 'start': 56.565, 'end': 56.726, 'score': 0.278, 'speaker': 'SPEAKER_00'}, {'word': 'WhatsApp', 'start': 56.746, 'end': 57.006, 'score': 0.267, 'speaker': 'SPEAKER_00'}, {'word': 'you.', 'start': 57.527, 'end': 57.667, 'score': 0.437, 'speaker': 'SPEAKER_01'}]"|SPEAKER_01
57.988|58.368|Okay, sir.|[{'word': 'Okay,', 'start': 57.988, 'end': 58.268, 'score': 0.494, 'speaker': 'SPEAKER_00'}, {'word': 'sir.', 'start': 58.288, 'end': 58.368, 'score': 0.18, 'speaker': 'SPEAKER_00'}]|SPEAKER_00
58.408|58.669|Thank you.|[{'word': 'Thank', 'start': 58.408, 'end': 58.569, 'score': 0.83, 'speaker': 'SPEAKER_00'}, {'word': 'you.', 'start': 58.589, 'end': 58.669, 'score': 0.777, 'speaker': 'SPEAKER_00'}]|SPEAKER_00
