0,index
"{'label': 'POSITIVE', 'score': 0.9913255572319031}",0
"{'label': 'POSITIVE', 'score': 0.9969933032989502}",1
"{'label': 'POSITIVE', 'score': 0.9981922507286072}",2
"{'label': 'NEGATIVE', 'score': 0.9878492951393127}",3
"{'label': 'POSITIVE', 'score': 0.9964147806167603}",4
"{'label': 'POSITIVE', 'score': 0.969001829624176}",5
"{'label': 'POSITIVE', 'score': 0.9966402053833008}",6
"{'label': 'NEGATIVE', 'score': 0.8345280289649963}",7
"{'label': 'POSITIVE', 'score': 0.9981922507286072}",8
"{'label': 'NEGATIVE', 'score': 0.9878492951393127}",9
"{'label': 'POSITIVE', 'score': 0.9958694577217102}",10
"{'label': 'POSITIVE', 'score': 0.971271276473999}",11
"{'label': 'POSITIVE', 'score': 0.9808542728424072}",12
"{'label': 'POSITIVE', 'score': 0.9897846579551697}",13
"{'label': 'NEGATIVE', 'score': 0.9946462512016296}",14
"{'label': 'NEGATIVE', 'score': 0.9994999170303345}",15
"{'label': 'NEGATIVE', 'score': 0.9969075322151184}",16
"{'label': 'NEGATIVE', 'score': 0.9777186512947083}",17
"{'label': 'POSITIVE', 'score': 0.9945850968360901}",18
"{'label': 'POSITIVE', 'score': 0.9978188276290894}",19
"{'label': 'NEGATIVE', 'score': 0.9969075322151184}",20
"{'label': 'NEGATIVE', 'score': 0.9964553117752075}",21
"{'label': 'NEGATIVE', 'score': 0.9775645136833191}",22
"{'label': 'NEGATIVE', 'score': 0.9746827483177185}",23
"{'label': 'NEGATIVE', 'score': 0.9994681477546692}",24
"{'label': 'NEGATIVE', 'score': 0.9870191812515259}",25
"{'label': 'NEGATIVE', 'score': 0.9817692041397095}",26
"{'label': 'POSITIVE', 'score': 0.9958736300468445}",27
"{'label': 'NEGATIVE', 'score': 0.9927054047584534}",28
"{'label': 'NEGATIVE', 'score': 0.9799184799194336}",29
"{'label': 'POSITIVE', 'score': 0.9987629652023315}",30
