{
    "Speaker Analysis": {
        "Frequency": 8,
        "Total Duration": 10.793000000000003,
        "Interruptions Caused": 0
    },
    "Temporal Analysis": {
        "Total Duration": 10.793000000000003,
        "Segment Durations": [
            0.21999999999999975,
            0.22000000000000242,
            1.9619999999999997,
            3.062999999999999,
            1.0210000000000008,
            2.0429999999999993,
            0.9620000000000033,
            1.3019999999999996
        ],
        "Average Duration": 1.3491250000000004,
        "Max Duration": 3.062999999999999,
        "Min Duration": 0.21999999999999975
    }
}