turn_id,topics
0,"{'Specific Goal': 'Building rapport and establishing a connection with the customer.', 'Alignment with Sales Process Stages': 'Introduction'}"
1,"{'Specific Goal': 'To confirm agreement or understanding with the customer', 'Alignment with Sales Process Stages': ""This statement aligns with the closing the sale stage of the sales process. By responding with 'Yes,' the salesperson is seeking confirmation from the customer that they are on the same page and that the customer is ready to move forward with the purchase. This helps in finalizing the sale and closing the deal successfully.""}"
2,"{'Specific Goal': 'To confirm if the prospect has already initiated a credit card process with Commercial Bank of Dubai.', 'Alignment with Sales Process Stages': ""This statement aligns with the needs assessment stage of the sales process. By confirming if the prospect has already started a credit card process with a specific bank, the sales representative can better understand the prospect's current financial needs and tailor their product presentation accordingly.""}"
3,"{'specific_goal': 'To confirm agreement or understanding with the customer', 'alignment_with_sales_stages': 'Closing the sale'}"
4,"{'Specific Goal': 'Closing the sale', 'Alignment with Sales Process Stages': ""This statement aligns with the closing the sale stage by emphasizing the urgency and benefits of applying now to secure a 100% guarantee. By asking for the prospect's agreement to proceed with the process, the salesperson is actively seeking to close the sale.""}"
5,"{'Specific Goal': ""Addressing customer's frustration and disappointment with the rejection of their application"", 'Alignment with Sales Process Stages': 'Handling objections'}"
6,"{'goal': 'Building rapport and addressing potential concerns about salary payments', 'sales stage': 'Introduction'}"
7,"{'specific_goal': 'To confirm if the customer is associated with ADCB bank.', 'alignment_with_sales_stages': 'Needs assessment'}"
8,"{'goal': 'Needs assessment', 'alignment': ""This statement aims to assess the customer's current financial products (credit cards and loans) to understand their existing financial commitments and needs. This information is crucial in determining the customer's financial situation and identifying potential solutions that align with their needs and preferences. By asking about the number of credit cards and loans the customer already has, the salesperson can gather important information to tailor their product presentation and recommendations accordingly.""}"
9,"{'Specific Goal': 'To schedule a future conversation due to the current unavailability.', 'Alignment with Sales Process Stages': 'This statement aligns with the introduction stage as it sets the groundwork for a future conversation. It also aligns with the needs assessment stage as it acknowledges the current unavailability and suggests a more suitable time for a discussion. Additionally, it can be seen as part of the follow-up stage, ensuring that the conversation is rescheduled and not forgotten.'}"
10,"{'specific_goal': 'To confirm the method of communication for further discussions and provide assurance to the customer.', 'alignment_with_sales_stages': 'Follow-up'}"
11,"{'specific_goal': 'To establish a more personal and direct form of communication with the prospect.', 'alignment_with_sales_stages': 'Introduction'}"
12,"{'specific_goal': 'Expressing gratitude and maintaining a polite tone with the customer.', 'alignment_with_sales_stages': 'Follow-up'}"
